{"exact": 66.25958056093658, "f1": 69.66994428499025, "total": 11873, "HasAns_exact": 68.91025641025641, "HasAns_f1": 75.74076391627662, "HasAns_total": 5928, "NoAns_exact": 63.61648444070648, "NoAns_f1": 63.61648444070648, "NoAns_total": 5945, "best_exact": 66.25958056093658, "best_exact_thresh": 0.0, "best_f1": 69.66994428499046, "best_f1_thresh": 0.0, "avg_time_per_example": 0.003734}