{"exact": 78.39636149246189, "f1": 81.7539035283792, "total": 11873, "HasAns_exact": 76.70377867746289, "HasAns_f1": 83.4284913280107, "HasAns_total": 5928, "NoAns_exact": 80.08410428931876, "NoAns_f1": 80.08410428931876, "NoAns_total": 5945, "best_exact": 78.39636149246189, "best_exact_thresh": 0.0, "best_f1": 81.75390352837901, "best_f1_thresh": 0.0, "avg_time_per_example":0.007157}