{"exact": 76.2402088772846, "f1": 79.57420904354532, "total": 11873, "HasAns_exact": 78.50877192982456, "HasAns_f1": 85.18633332894967, "HasAns_total": 5928, "NoAns_exact": 73.97813288477712, "NoAns_f1": 73.97813288477712, "NoAns_total": 5945, "best_exact": 76.2402088772846, "best_exact_thresh": 0.0, "best_f1": 79.57420904354535, "best_f1_thresh": 0.0, "avg_time_per_example": 0.003217}